<?xml version="1.0" encoding="UTF-8"?>

<visicutPreferences version="0">
  <defaultMapping>alles cut</defaultMapping>
  <disableSandbox>false</disableSandbox>
  <useFilenamesForJobs>false</useFilenamesForJobs>
  <autoUpdateSettingsDisabled>false</autoUpdateSettingsDisabled>
  <lastAutoUpdateTime>1739204826763</lastAutoUpdateTime>
  <lastAutoUpdateLabName>Germany, Berlin: xHain Hack+Makespace</lastAutoUpdateLabName>
  <useThicknessAsFocusOffset>false</useThicknessAsFocusOffset>
  <recentFiles/>
  <lastMaterial>Acrylic</lastMaterial>
  <lastLaserDevice>zing xhain</lastLaserDevice>
</visicutPreferences>
